"","imbal","stemmystat","df","trlen","maha"
"Tail area probability",0.5,0,0,1,0.2
"Empirical test statistic",3.63473926,128,0.506245438359174,-0.0545842177192983,6.65115444397958
"Standard deviations from simulated distribution",0.256755328014096,NA,-3.56418080851379,3.67052660570259,1.3620590307547
